{
  "HTTP Request-Get" : {
    "transaction" : "HTTP Request-Get",
    "sampleCount" : 200,
    "errorCount" : 0,
    "errorPct" : 0.0,
    "meanResTime" : 3997.175000000004,
    "medianResTime" : 3975.0,
    "minResTime" : 918.0,
    "maxResTime" : 8412.0,
    "pct1ResTime" : 7593.900000000001,
    "pct2ResTime" : 7958.299999999999,
    "pct3ResTime" : 8329.310000000001,
    "throughput" : 19.062142584826535,
    "receivedKBytesPerSec" : 35.37823833039458,
    "sentKBytesPerSec" : 3.015690526115135
  },
  "Total" : {
    "transaction" : "Total",
    "sampleCount" : 800,
    "errorCount" : 0,
    "errorPct" : 0.0,
    "meanResTime" : 1484.2562499999995,
    "medianResTime" : 682.0,
    "minResTime" : 440.0,
    "maxResTime" : 8412.0,
    "pct1ResTime" : 4735.399999999999,
    "pct2ResTime" : 6650.749999999998,
    "pct3ResTime" : 8016.71,
    "throughput" : 65.99571027883188,
    "receivedKBytesPerSec" : 71.76356778996865,
    "sentKBytesPerSec" : 12.905899397789144
  },
  "HTTP Request-Delete" : {
    "transaction" : "HTTP Request-Delete",
    "sampleCount" : 200,
    "errorCount" : 0,
    "errorPct" : 0.0,
    "meanResTime" : 637.5449999999997,
    "medianResTime" : 620.0,
    "minResTime" : 440.0,
    "maxResTime" : 1681.0,
    "pct1ResTime" : 755.9,
    "pct2ResTime" : 787.4999999999999,
    "pct3ResTime" : 874.7700000000002,
    "throughput" : 61.61429451632779,
    "receivedKBytesPerSec" : 46.16318642174985,
    "sentKBytesPerSec" : 10.770467498459643
  },
  "HTTP Request-Post" : {
    "transaction" : "HTTP Request-Post",
    "sampleCount" : 200,
    "errorCount" : 0,
    "errorPct" : 0.0,
    "meanResTime" : 668.3050000000001,
    "medianResTime" : 646.0,
    "minResTime" : 470.0,
    "maxResTime" : 1089.0,
    "pct1ResTime" : 835.7,
    "pct2ResTime" : 1009.2499999999995,
    "pct3ResTime" : 1083.91,
    "throughput" : 56.91519635742743,
    "receivedKBytesPerSec" : 49.8622140900683,
    "sentKBytesPerSec" : 12.561361696072852
  },
  "HTTP Request-Put" : {
    "transaction" : "HTTP Request-Put",
    "sampleCount" : 200,
    "errorCount" : 0,
    "errorPct" : 0.0,
    "meanResTime" : 633.9999999999999,
    "medianResTime" : 636.5,
    "minResTime" : 442.0,
    "maxResTime" : 858.0,
    "pct1ResTime" : 743.9,
    "pct2ResTime" : 756.8,
    "pct3ResTime" : 841.9100000000001,
    "throughput" : 55.248618784530386,
    "receivedKBytesPerSec" : 47.97457700276243,
    "sentKBytesPerSec" : 12.6251726519337
  }
}